{
  "hash": "d6cd6d49761bbb6d052fc8ea692123f3",
  "result": {
    "markdown": "---\ntitle: Bombus vagans\nsubtite: Half-black bumblebee\nengine: knitr\ncategories:\n  - Apidae\nfreeze: auto\n---\n\n[![©️ NA. NULL.](/files/no_bee.png){height=300}](NA)\n\n\n::: {.cell}\n::: {.cell-output-display}\n```{=html}\n<div class=\"plotly html-widget html-fill-item-overflow-hidden html-fill-item\" id=\"htmlwidget-9c27e5911487308003df\" style=\"width:100%;height:464px;\"></div>\n<script type=\"application/json\" data-for=\"htmlwidget-9c27e5911487308003df\">{\"x\":{\"visdat\":{\"6fc834f7536d\":[\"function () \",\"plotlyVisDat\"]},\"cur_data\":\"6fc834f7536d\",\"attrs\":{\"6fc834f7536d\":{\"alpha_stroke\":1,\"sizes\":[10,100],\"spans\":[1,20],\"lat\":{},\"lon\":{},\"mode\":\"markers\",\"type\":\"scattermapbox\",\"color\":{},\"text\":{},\"size\":10,\"opacity\":1,\"colors\":\"Blues\",\"name\":\"\",\"inherit\":true}},\"layout\":{\"margin\":{\"b\":40,\"l\":60,\"t\":25,\"r\":10},\"mapbox\":{\"style\":\"carto-positron\",\"show_legend\":true,\"zoom\":3.7999999999999998,\"center\":{\"lon\":-127,\"lat\":55}},\"title\":\"GBIF observations\",\"hovermode\":\"closest\",\"showlegend\":false,\"legend\":{\"yanchor\":\"top\",\"y\":0.5}},\"source\":\"A\",\"config\":{\"modeBarButtonsToAdd\":[\"hoverclosest\",\"hovercompare\"],\"showSendToCloud\":false},\"data\":[{\"lat\":[49.270000000000003,49.270000000000003,49.059345,49.438305,54.833809000000002,49.487811999999998,49.542152000000002,54.502200000000002,54.52664,49.747134000000003,54.563566000000002,54.506331000000003,50.514310999999999,50.468660999999997,50.485149999999997,50.406309,54.517699999999998,54.517699999999998,54.517699999999998,54.517699999999998,49.271889999999999],\"lon\":[-119.83,-119.83,-120.758804,-120.602283,-128.79284899999999,-120.46953499999999,-120.77325999999999,-128.60879600000001,-128.60577499999999,-123.112664,-128.75937300000001,-128.61882800000001,-122.83471299999999,-123.040707,-122.846952,-122.892678,-128.608,-128.608,-128.608,-128.608,-119.816667],\"mode\":\"markers\",\"type\":\"scattermapbox\",\"text\":[\"Species: Bombus vagans <br />Observed: July 01, 1988\",\"Species: Bombus vagans <br />Observed: July 01, 1988\",\"Species: Bombus vagans <br />Observed: July 14, 2023\",\"Species: Bombus vagans <br />Observed: May 28, 2023\",\"Species: Bombus vagans <br />Observed: April 29, 2023\",\"Species: Bombus vagans <br />Observed: June 23, 2022\",\"Species: Bombus vagans <br />Observed: July 08, 2022\",\"Species: Bombus vagans <br />Observed: June 26, 2022\",\"Species: Bombus vagans <br />Observed: June 21, 2022\",\"Species: Bombus vagans <br />Observed: September 24, 2021\",\"Species: Bombus vagans <br />Observed: August 22, 2021\",\"Species: Bombus vagans <br />Observed: August 26, 2021\",\"Species: Bombus vagans <br />Observed: May 26, 2020\",\"Species: Bombus vagans <br />Observed: June 25, 2020\",\"Species: Bombus vagans <br />Observed: June 01, 2020\",\"Species: Bombus vagans <br />Observed: May 26, 2020\",\"Species: Bombus vagans <br />Observed: August 13, 1919\",\"Species: Bombus vagans <br />Observed: August 13, 1919\",\"Species: Bombus vagans <br />Observed: August 13, 1919\",\"Species: Bombus vagans <br />Observed: August 12, 1919\",\"Species: Bombus vagans <br />Observed: July 01, 1988\"],\"opacity\":1,\"name\":\"\",\"marker\":{\"colorbar\":{\"title\":\"Year\",\"ticklen\":2},\"cmin\":1919,\"cmax\":2023,\"colorscale\":[[\"0\",\"rgba(247,251,255,1)\"],[\"0.0416666666666659\",\"rgba(239,246,252,1)\"],[\"0.0833333333333341\",\"rgba(230,240,250,1)\"],[\"0.125\",\"rgba(222,235,247,1)\"],[\"0.166666666666666\",\"rgba(214,230,244,1)\"],[\"0.208333333333334\",\"rgba(206,224,242,1)\"],[\"0.25\",\"rgba(198,219,239,1)\"],[\"0.291666666666666\",\"rgba(185,213,234,1)\"],[\"0.333333333333334\",\"rgba(172,208,230,1)\"],[\"0.375\",\"rgba(158,202,225,1)\"],[\"0.416666666666666\",\"rgba(142,193,221,1)\"],[\"0.458333333333334\",\"rgba(125,183,218,1)\"],[\"0.5\",\"rgba(107,174,214,1)\"],[\"0.541666666666666\",\"rgba(94,165,209,1)\"],[\"0.583333333333334\",\"rgba(81,155,203,1)\"],[\"0.625\",\"rgba(66,146,198,1)\"],[\"0.666666666666666\",\"rgba(57,135,192,1)\"],[\"0.708333333333334\",\"rgba(46,124,187,1)\"],[\"0.75\",\"rgba(33,113,181,1)\"],[\"0.791666666666666\",\"rgba(27,102,173,1)\"],[\"0.833333333333334\",\"rgba(19,91,164,1)\"],[\"0.875\",\"rgba(8,81,156,1)\"],[\"0.916666666666666\",\"rgba(9,70,139,1)\"],[\"0.958333333333334\",\"rgba(9,59,123,1)\"],[\"1\",\"rgba(8,48,107,1)\"]],\"showscale\":false,\"color\":[1988,1988,2023,2023,2023,2022,2022,2022,2022,2021,2021,2021,2020,2020,2020,2020,1919,1919,1919,1919,1988],\"size\":[55,55,55,55,55,55,55,55,55,55,55,55,55,55,55,55,55,55,55,55,55],\"sizemode\":\"area\",\"line\":{\"colorbar\":{\"title\":\"\",\"ticklen\":2},\"cmin\":1919,\"cmax\":2023,\"colorscale\":[[\"0\",\"rgba(247,251,255,1)\"],[\"0.0416666666666659\",\"rgba(239,246,252,1)\"],[\"0.0833333333333341\",\"rgba(230,240,250,1)\"],[\"0.125\",\"rgba(222,235,247,1)\"],[\"0.166666666666666\",\"rgba(214,230,244,1)\"],[\"0.208333333333334\",\"rgba(206,224,242,1)\"],[\"0.25\",\"rgba(198,219,239,1)\"],[\"0.291666666666666\",\"rgba(185,213,234,1)\"],[\"0.333333333333334\",\"rgba(172,208,230,1)\"],[\"0.375\",\"rgba(158,202,225,1)\"],[\"0.416666666666666\",\"rgba(142,193,221,1)\"],[\"0.458333333333334\",\"rgba(125,183,218,1)\"],[\"0.5\",\"rgba(107,174,214,1)\"],[\"0.541666666666666\",\"rgba(94,165,209,1)\"],[\"0.583333333333334\",\"rgba(81,155,203,1)\"],[\"0.625\",\"rgba(66,146,198,1)\"],[\"0.666666666666666\",\"rgba(57,135,192,1)\"],[\"0.708333333333334\",\"rgba(46,124,187,1)\"],[\"0.75\",\"rgba(33,113,181,1)\"],[\"0.791666666666666\",\"rgba(27,102,173,1)\"],[\"0.833333333333334\",\"rgba(19,91,164,1)\"],[\"0.875\",\"rgba(8,81,156,1)\"],[\"0.916666666666666\",\"rgba(9,70,139,1)\"],[\"0.958333333333334\",\"rgba(9,59,123,1)\"],[\"1\",\"rgba(8,48,107,1)\"]],\"showscale\":false,\"color\":[1988,1988,2023,2023,2023,2022,2022,2022,2022,2021,2021,2021,2020,2020,2020,2020,1919,1919,1919,1919,1988]}},\"textfont\":{\"size\":55},\"line\":{\"width\":55},\"frame\":null},{\"type\":\"scattermapbox\",\"mode\":\"markers\",\"opacity\":0,\"hoverinfo\":\"none\",\"showlegend\":false,\"marker\":{\"colorbar\":{\"title\":\"Year\",\"ticklen\":2,\"len\":0.5,\"lenmode\":\"fraction\",\"y\":1,\"yanchor\":\"top\"},\"cmin\":1919,\"cmax\":2023,\"colorscale\":[[\"0\",\"rgba(247,251,255,1)\"],[\"0.0416666666666659\",\"rgba(239,246,252,1)\"],[\"0.0833333333333341\",\"rgba(230,240,250,1)\"],[\"0.125\",\"rgba(222,235,247,1)\"],[\"0.166666666666666\",\"rgba(214,230,244,1)\"],[\"0.208333333333334\",\"rgba(206,224,242,1)\"],[\"0.25\",\"rgba(198,219,239,1)\"],[\"0.291666666666666\",\"rgba(185,213,234,1)\"],[\"0.333333333333334\",\"rgba(172,208,230,1)\"],[\"0.375\",\"rgba(158,202,225,1)\"],[\"0.416666666666666\",\"rgba(142,193,221,1)\"],[\"0.458333333333334\",\"rgba(125,183,218,1)\"],[\"0.5\",\"rgba(107,174,214,1)\"],[\"0.541666666666666\",\"rgba(94,165,209,1)\"],[\"0.583333333333334\",\"rgba(81,155,203,1)\"],[\"0.625\",\"rgba(66,146,198,1)\"],[\"0.666666666666666\",\"rgba(57,135,192,1)\"],[\"0.708333333333334\",\"rgba(46,124,187,1)\"],[\"0.75\",\"rgba(33,113,181,1)\"],[\"0.791666666666666\",\"rgba(27,102,173,1)\"],[\"0.833333333333334\",\"rgba(19,91,164,1)\"],[\"0.875\",\"rgba(8,81,156,1)\"],[\"0.916666666666666\",\"rgba(9,70,139,1)\"],[\"0.958333333333334\",\"rgba(9,59,123,1)\"],[\"1\",\"rgba(8,48,107,1)\"]],\"showscale\":true,\"color\":[1919,2023],\"line\":{\"color\":\"rgba(255,127,14,1)\"}},\"lat\":[null,null],\"lon\":[null,null],\"frame\":null}],\"highlight\":{\"on\":\"plotly_click\",\"persistent\":false,\"dynamic\":false,\"selectize\":false,\"opacityDim\":0.20000000000000001,\"selected\":{\"opacity\":1},\"debounce\":0},\"shinyEvents\":[\"plotly_hover\",\"plotly_click\",\"plotly_selected\",\"plotly_relayout\",\"plotly_brushed\",\"plotly_brushing\",\"plotly_clickannotation\",\"plotly_doubleclick\",\"plotly_deselect\",\"plotly_afterplot\",\"plotly_sunburstclick\"],