{
  "hash": "4f3f95d4a87a9e97d70d4fc3842170b9",
  "result": {
    "markdown": "---\ntitle: Anthophora terminalis\nsubtite: NA\nengine: knitr\ncategories:\n  - Apidae\nfreeze: auto\n---\n\n[![©️ NA. NULL.](/files/no_bee.png){height=300}](NA)\n\n\n::: {.cell}\n::: {.cell-output-display}\n```{=html}\n<div class=\"plotly html-widget html-fill-item-overflow-hidden html-fill-item\" id=\"htmlwidget-1655ba2e9fe1d60eed35\" style=\"width:100%;height:464px;\"></div>\n<script type=\"application/json\" data-for=\"htmlwidget-1655ba2e9fe1d60eed35\">{\"x\":{\"visdat\":{\"6b142347280b\":[\"function () \",\"plotlyVisDat\"]},\"cur_data\":\"6b142347280b\",\"attrs\":{\"6b142347280b\":{\"alpha_stroke\":1,\"sizes\":[10,100],\"spans\":[1,20],\"lat\":{},\"lon\":{},\"mode\":\"markers\",\"type\":\"scattermapbox\",\"color\":{},\"text\":{},\"size\":10,\"opacity\":1,\"colors\":\"Blues\",\"name\":\"\",\"inherit\":true}},\"layout\":{\"margin\":{\"b\":40,\"l\":60,\"t\":25,\"r\":10},\"mapbox\":{\"style\":\"carto-positron\",\"show_legend\":true,\"zoom\":3.7999999999999998,\"center\":{\"lon\":-127,\"lat\":55}},\"title\":\"GBIF observations\",\"hovermode\":\"closest\",\"showlegend\":false,\"legend\":{\"yanchor\":\"top\",\"y\":0.5}},\"source\":\"A\",\"config\":{\"modeBarButtonsToAdd\":[\"hoverclosest\",\"hovercompare\"],\"showSendToCloud\":false},\"data\":[{\"lat\":[48.461604999999999,49.252626999999997,48.581141000000002,49.032544999999999,49.032519999999998,49.097304999999999,48.457383,48.457374999999999,59.609000000000002,49.032958000000001,49.032921999999999,49.360767000000003,48.433802,48.461799999999997,48.461599999999997,48.461599999999997],\"lon\":[-123.01074699999999,-122.95868299999999,-123.570165,-123.073975,-123.07401900000001,-123.16642899999999,-123.003114,-123.003083,-135.3297,-123.059243,-123.05895700000001,-124.520854,-123.452826,-123.0046,-123.0003,-123.0003],\"mode\":\"markers\",\"type\":\"scattermapbox\",\"text\":[\"Species: Anthophora terminalis <br />Observed: August 05, 2017\",\"Species: Anthophora terminalis <br />Observed: August 24, 2023\",\"Species: Anthophora terminalis <br />Observed: July 27, 2023\",\"Species: Anthophora terminalis <br />Observed: July 22, 2023\",\"Species: Anthophora terminalis <br />Observed: July 13, 2023\",\"Species: Anthophora terminalis <br />Observed: June 06, 2023\",\"Species: Anthophora terminalis <br />Observed: August 05, 2017\",\"Species: Anthophora terminalis <br />Observed: August 05, 2017\",\"Species: Anthophora terminalis <br />Observed: July 10, 2019\",\"Species: Anthophora terminalis <br />Observed: July 29, 2022\",\"Species: Anthophora terminalis <br />Observed: August 03, 2022\",\"Species: Anthophora terminalis <br />Observed: July 23, 2019\",\"Species: Anthophora terminalis <br />Observed: July 08, 2019\",\"Species: Anthophora terminalis <br />Observed: July 30, 2011\",\"Species: Anthophora terminalis <br />Observed: July 30, 2011\",\"Species: Anthophora terminalis <br />Observed: July 30, 2011\"],\"opacity\":1,\"name\":\"\",\"marker\":{\"colorbar\":{\"title\":\"Year\",\"ticklen\":2},\"cmin\":2011,\"cmax\":2023,\"colorscale\":[[\"0\",\"rgba(247,251,255,1)\"],[\"0.0416666666666667\",\"rgba(239,246,252,1)\"],[\"0.0833333333333333\",\"rgba(230,240,250,1)\"],[\"0.125\",\"rgba(222,235,247,1)\"],[\"0.166666666666667\",\"rgba(214,230,244,1)\"],[\"0.208333333333333\",\"rgba(206,224,242,1)\"],[\"0.25\",\"rgba(198,219,239,1)\"],[\"0.291666666666667\",\"rgba(185,213,234,1)\"],[\"0.333333333333333\",\"rgba(172,208,230,1)\"],[\"0.375\",\"rgba(158,202,225,1)\"],[\"0.416666666666667\",\"rgba(142,193,221,1)\"],[\"0.458333333333333\",\"rgba(125,183,218,1)\"],[\"0.5\",\"rgba(107,174,214,1)\"],[\"0.541666666666667\",\"rgba(94,165,209,1)\"],[\"0.583333333333333\",\"rgba(81,155,203,1)\"],[\"0.625\",\"rgba(66,146,198,1)\"],[\"0.666666666666667\",\"rgba(57,135,192,1)\"],[\"0.708333333333333\",\"rgba(46,124,187,1)\"],[\"0.75\",\"rgba(33,113,181,1)\"],[\"0.791666666666667\",\"rgba(27,102,173,1)\"],[\"0.833333333333333\",\"rgba(19,91,164,1)\"],[\"0.875\",\"rgba(8,81,156,1)\"],[\"0.916666666666667\",\"rgba(9,70,139,1)\"],[\"0.958333333333333\",\"rgba(9,59,123,1)\"],[\"1\",\"rgba(8,48,107,1)\"]],\"showscale\":false,\"color\":[2017,2023,2023,2023,2023,2023,2017,2017,2019,2022,2022,2019,2019,2011,2011,2011],\"size\":[55,55,55,55,55,55,55,55,55,55,55,55,55,55,55,55],\"sizemode\":\"area\",\"line\":{\"colorbar\":{\"title\":\"\",\"ticklen\":2},\"cmin\":2011,\"cmax\":2023,\"colorscale\":[[\"0\",\"rgba(247,251,255,1)\"],[\"0.0416666666666667\",\"rgba(239,246,252,1)\"],[\"0.0833333333333333\",\"rgba(230,240,250,1)\"],[\"0.125\",\"rgba(222,235,247,1)\"],[\"0.166666666666667\",\"rgba(214,230,244,1)\"],[\"0.208333333333333\",\"rgba(206,224,242,1)\"],[\"0.25\",\"rgba(198,219,239,1)\"],[\"0.291666666666667\",\"rgba(185,213,234,1)\"],[\"0.333333333333333\",\"rgba(172,208,230,1)\"],[\"0.375\",\"rgba(158,202,225,1)\"],[\"0.416666666666667\",\"rgba(142,193,221,1)\"],[\"0.458333333333333\",\"rgba(125,183,218,1)\"],[\"0.5\",\"rgba(107,174,214,1)\"],[\"0.541666666666667\",\"rgba(94,165,209,1)\"],[\"0.583333333333333\",\"rgba(81,155,203,1)\"],[\"0.625\",\"rgba(66,146,198,1)\"],[\"0.666666666666667\",\"rgba(57,135,192,1)\"],[\"0.708333333333333\",\"rgba(46,124,187,1)\"],[\"0.75\",\"rgba(33,113,181,1)\"],[\"0.791666666666667\",\"rgba(27,102,173,1)\"],[\"0.833333333333333\",\"rgba(19,91,164,1)\"],[\"0.875\",\"rgba(8,81,156,1)\"],[\"0.916666666666667\",\"rgba(9,70,139,1)\"],[\"0.958333333333333\",\"rgba(9,59,123,1)\"],[\"1\",\"rgba(8,48,107,1)\"]],\"showscale\":false,\"color\":[2017,2023,2023,2023,2023,2023,2017,2017,2019,2022,2022,2019,2019,2011,2011,2011]}},\"textfont\":{\"size\":55},\"line\":{\"width\":55},\"frame\":null},{\"type\":\"scattermapbox\",\"mode\":\"markers\",\"opacity\":0,\"hoverinfo\":\"none\",\"showlegend\":false,\"marker\":{\"colorbar\":{\"title\":\"Year\",\"ticklen\":2,\"len\":0.5,\"lenmode\":\"fraction\",\"y\":1,\"yanchor\":\"top\"},\"cmin\":2011,\"cmax\":2023,\"colorscale\":[[\"0\",\"rgba(247,251,255,1)\"],[\"0.0416666666666667\",\"rgba(239,246,252,1)\"],[\"0.0833333333333333\",\"rgba(230,240,250,1)\"],[\"0.125\",\"rgba(222,235,247,1)\"],[\"0.166666666666667\",\"rgba(214,230,244,1)\"],[\"0.208333333333333\",\"rgba(206,224,242,1)\"],[\"0.25\",\"rgba(198,219,239,1)\"],[\"0.291666666666667\",\"rgba(185,213,234,1)\"],[\"0.333333333333333\",\"rgba(172,208,230,1)\"],[\"0.375\",\"rgba(158,202,225,1)\"],[\"0.416666666666667\",\"rgba(142,193,221,1)\"],[\"0.458333333333333\",\"rgba(125,183,218,1)\"],[\"0.5\",\"rgba(107,174,214,1)\"],[\"0.541666666666667\",\"rgba(94,165,209,1)\"],[\"0.583333333333333\",\"rgba(81,155,203,1)\"],[\"0.625\",\"rgba(66,146,198,1)\"],[\"0.666666666666667\",\"rgba(57,135,192,1)\"],[\"0.708333333333333\",\"rgba(46,124,187,1)\"],[\"0.75\",\"rgba(33,113,181,1)\"],[\"0.791666666666667\",\"rgba(27,102,173,1)\"],[\"0.833333333333333\",\"rgba(19,91,164,1)\"],[\"0.875\",\"rgba(8,81,156,1)\"],[\"0.916666666666667\",\"rgba(9,70,139,1)\"],[\"0.958333333333333\",\"rgba(9,59,123,1)\"],[\"1\",\"rgba(8,48,107,1)\"]],\"showscale\":true,\"color\":[2011,2023],\"line\":{\"color\":\"rgba(255,127,14,1)\"}},\"lat\":[null,null],\"lon\":[null,null],\"frame\":null}],\"highlight\":{\"on\":\"plotly_click\",\"persistent\":false,\"dynamic\":false,\"selectize\":false,\"opacityDim\":0.20000000000000001,\"selected\":{\"opacity\":1},\"debounce\":0},\"shinyEvents\":[\"plotly_hover\",\"plotly_click\",\"plotly_selected\",\"plotly_relayout\",\"plotly_brushed\",\"plotly_brushing\",\"plotly_clickannotation\",\"plotly_doubleclick\",\"plotly_deselect\",\"plotly_afterplot\",\"plotly_sunburstclick\"],\"base_url\":\"https://plot.ly\"},\"evals\":[],\"jsHooks\":[]}</script>\n```\n:::\n:::\n",
    "supporting": [
      "index_files"
    ],
    "filters": [
      "rmarkdown/pagebreak.lua"
    ],