{
  "hash": "fcc3242c15287ee9bef9cc62cb0e14f6",
  "result": {
    "markdown": "---\ntitle: Bombus fernaldae\nsubtite: Bombus fernaldae\nengine: knitr\ncategories:\n  - Apidae\nfreeze: auto\ndescription:  <span class=\"pe-badge\">PM Evidence</span>\n---\n\n![©️ Cait Harrigan.](/files/no_bee.png){height=300}\n\nCollected on Vancouver Island, in the Gulf Islands, and the Lower Mainland in the 1930's and 1950's, and in the Northern Pacific maritime in the 1960's. The most recent specimen was collected in the Lower Mainland in 1982 (specimens in multiple museum collections including the Snow Entomological Museum Collection and the Bombus of Canada Collection)\n\n\n\n\n::: {.cell}\n::: {.cell-output-display}\n```{=html}\n<div class=\"plotly html-widget html-fill-item-overflow-hidden html-fill-item\" id=\"htmlwidget-c9ca8cb7e408de51783d\" style=\"width:100%;height:464px;\"></div>\n<script type=\"application/json\" data-for=\"htmlwidget-c9ca8cb7e408de51783d\">{\"x\":{\"visdat\":{\"7790695c5188\":[\"function () \",\"plotlyVisDat\"]},\"cur_data\":\"7790695c5188\",\"attrs\":{\"7790695c5188\":{\"alpha_stroke\":1,\"sizes\":[10,100],\"spans\":[1,20],\"lat\":{},\"lon\":{},\"mode\":\"markers\",\"type\":\"scattermapbox\",\"color\":{},\"text\":{},\"size\":10,\"name\":\"\",\"inherit\":true}},\"layout\":{\"margin\":{\"b\":40,\"l\":60,\"t\":25,\"r\":10},\"hovermode\":\"closest\",\"showlegend\":false,\"legend\":{\"yanchor\":\"top\",\"y\":0.5},\"mapbox\":{\"style\":\"carto-positron\",\"show_legend\":true,\"zoom\":3.7999999999999998,\"center\":{\"lon\":-127,\"lat\":50}},\"title\":\"GBIF observations in the Pacific Maritime region\"},\"source\":\"A\",\"config\":{\"modeBarButtonsToAdd\":[\"hoverclosest\",\"hovercompare\"],\"showSendToCloud\":false},\"data\":[{\"lat\":[49.100000000000001,49.347499999999997,49.347499999999997,49.233333000000002,49.25,49.25,49.25,49.25,49.25,49.25,49.25,49.25,49.25,49.25,49.25,49.25,49.25,49.25,49.25,49.25,49.25,54.312199999999997,54.335799999999999,48.699399999999997,49.223889],\"lon\":[-122.65000000000001,-121.41777999999999,-121.41777999999999,-121.766667,-123.13333299999999,-123.13333299999999,-123.13333299999999,-123.13333299999999,-123.13333299999999,-123.13333299999999,-123.13333299999999,-123.13333299999999,-123.13333299999999,-123.13333299999999,-123.13333299999999,-123.13333299999999,-123.13333299999999,-123.13333299999999,-123.13333299999999,-123.13333299999999,-123.13333299999999,-130.327,-130.44300000000001,-123.29900000000001,-124.594722],\"mode\":\"markers\",\"type\":\"scattermapbox\",\"text\":[\"Species: Bombus fernaldae <br />Observed: June 24, 1982\",\"Species: Bombus fernaldae <br />Observed: August 18, 1932\",\"Species: Bombus fernaldae <br />Observed: August 19, 1932\",\"Species: Bombus fernaldae <br />Observed: August 22, 1926\",\"Species: Bombus fernaldae <br />Observed: July 01, 1929\",\"Species: Bombus fernaldae <br />Observed: July 01, 1929\",\"Species: Bombus fernaldae <br />Observed: June 26, 1929\",\"Species: Bombus fernaldae <br />Observed: June 26, 1929\",\"Species: Bombus fernaldae <br />Observed: June 26, 1929\",\"Species: Bombus fernaldae <br />Observed: July 01, 1929\",\"Species: Bombus fernaldae <br />Observed: August 12, 1923\",\"Species: Bombus fernaldae <br />Observed: July 01, 1929\",\"Species: Bombus fernaldae <br />Observed: August 12, 1923\",\"Species: Bombus fernaldae <br />Observed: June 26, 1929\",\"Species: Bombus fernaldae <br />Observed: July 01, 1929\",\"Species: Bombus fernaldae <br />Observed: July 01, 1929\",\"Species: Bombus fernaldae <br />Observed: July 01, 1929\",\"Species: Bombus fernaldae <br />Observed: July 01, 1929\",\"Species: Bombus fernaldae <br />Observed: July 01, 1929\",\"Species: Bombus fernaldae <br />Observed: June 26, 1929\",\"Species: Bombus fernaldae <br />Observed: June 26, 1929\",\"Species: Bombus fernaldae <br />Observed: June 13, 1919\",\"Species: Bombus fernaldae <br />Observed: May 01, 1909\",\"Species: Bombus fernaldae <br />Observed: July 20, 1982\",\"Species: Bombus fernaldae <br />Observed: September 05, 1962\"],\"marker\":{\"colorbar\":{\"title\":\"Year\",\"ticklen\":2},\"cmin\":1909,\"cmax\":1982,\"colorscale\":[[\"0\",\"rgba(68,1,84,1)\"],[\"0.0416666666666677\",\"rgba(70,19,97,1)\"],[\"0.0833333333333323\",\"rgba(72,32,111,1)\"],[\"0.125\",\"rgba(71,45,122,1)\"],[\"0.166666666666668\",\"rgba(68,58,128,1)\"],[\"0.208333333333332\",\"rgba(64,70,135,1)\"],[\"0.25\",\"rgba(60,82,138,1)\"],[\"0.291666666666668\",\"rgba(56,93,140,1)\"],[\"0.333333333333332\",\"rgba(49,104,142,1)\"],[\"0.375\",\"rgba(46,114,142,1)\"],[\"0.416666666666668\",\"rgba(42,123,142,1)\"],[\"0.458333333333332\",\"rgba(38,133,141,1)\"],[\"0.5\",\"rgba(37,144,140,1)\"],[\"0.541666666666668\",\"rgba(33,154,138,1)\"],[\"0.583333333333332\",\"rgba(39,164,133,1)\"],[\"0.625\",\"rgba(47,174,127,1)\"],[\"0.666666666666668\",\"rgba(53,183,121,1)\"],[\"0.708333333333332\",\"rgba(79,191,110,1)\"],[\"0.75\",\"rgba(98,199,98,1)\"],[\"0.791666666666668\",\"rgba(119,207,85,1)\"],[\"0.833333333333332\",\"rgba(147,214,70,1)\"],[\"0.875\",\"rgba(172,220,52,1)\"],[\"0.916666666666668\",\"rgba(199,225,42,1)\"],[\"0.958333333333332\",\"rgba(226,228,40,1)\"],[\"1\",\"rgba(253,231,37,1)\"]],\"showscale\":false,\"color\":[1982,1932,1932,1926,1929,1929,1929,1929,1929,1929,1923,1929,1923,1929,1929,1929,1929,1929,1929,1929,1929,1919,1909,1982,1962],\"size\":[55,55,55,55,55,55,55,55,55,55,55,55,55,55,55,55,55,55,55,55,55,55,55,55,55],\"sizemode\":\"area\",\"line\":{\"colorbar\":{\"title\":\"\",\"ticklen\":2},\"cmin\":1909,\"cmax\":1982,\"colorscale\":[[\"0\",\"rgba(68,1,84,1)\"],[\"0.0416666666666677\",\"rgba(70,19,97,1)\"],[\"0.0833333333333323\",\"rgba(72,32,111,1)\"],[\"0.125\",\"rgba(71,45,122,1)\"],[\"0.166666666666668\",\"rgba(68,58,128,1)\"],[\"0.208333333333332\",\"rgba(64,70,135,1)\"],[\"0.25\",\"rgba(60,82,138,1)\"],[\"0.291666666666668\",\"rgba(56,93,140,1)\"],[\"0.333333333333332\",\"rgba(49,104,142,1)\"],[\"0.375\",\"rgba(46,114,142,1)\"],[\"0.416666666666668\",\"rgba(42,123,142,1)\"],[\"0.458333333333332\",\"rgba(38,133,141,1)\"],[\"0.5\",\"rgba(37,144,140,1)\"],[\"0.541666666666668\",\"rgba(33,154,138,1)\"],[\"0.583333333333332\",\"rgba(39,164,133,1)\"],[\"0.625\",\"rgba(47,174,127,1)\"],[\"0.666666666666668\",\"rgba(53,183,121,1)\"],[\"0.708333333333332\",\"rgba(79,191,110,1)\"],[\"0.75\",\"rgba(98,199,98,1)\"],[\"0.791666666666668\",\"rgba(119,207,85,1)\"],[\"0.833333333333332\",\"rgba(147,214,70,1)\"],[\"0.875\",\"rgba(172,220,52,1)\"],[\"0.916666666666668\",\"rgba(199,225,42,1)\"],[\"0.958333333333332\",\"rgba(226,228,40,1)\"],[\"1\",\"rgba(253,231,37,1)\"]],\"showscale\":false,\"color\":[1982,1932,1932,1926,1929,1929,1929,1929,1929,1929,1923,1929,1923,1929,1929,1929,1929,1929,1929,1929,1929,1919,1909,1982,1962]}},\"textfont\":{\"size\":55},\"line\":{\"width\":55},\"frame\":null},{\"type\":\"scattermapbox\",\"mode\":\"markers\",\"opacity\":0,\"hoverinfo\":\"none\",\"showlegend\":false,\"marker\":{\"colorbar\":{\"title\":\"Year\",\"ticklen\":2,\"len\":0.5,\"lenmode\":\"fraction\",\"y\":1,\"yanchor\":\"top\",\"dtick\":1},\"cmin\":1909,\"cmax\":1982,\"colorscale\":[[\"0\",\"rgba(68,1,84,1)\"],[\"0.0416666666666677\",\"rgba(70,19,97,1)\"],[\"0.0833333333333323\",\"rgba(72,32,111,1)\"],[\"0.125\",\"rgba(71,45,122,1)\"],[\"0.166666666666668\",\"rgba(68,58,128,1)\"],[\"0.208333333333332\",\"rgba(64,70,135,1)\"],[\"0.25\",\"rgba(60,82,138,1)\"],[\"0.291666666666668\",\"rgba(56,93,140,1)\"],[\"0.333333333333332\",\"rgba(49,104,142,1)\"],[\"0.375\",\"rgba(46,114,142,1)\"],[\"0.416666666666668\",\"rgba(42,123,142,1)\"],[\"0.458333333333332\",\"rgba(38,133,141,1)\"],[\"0.5\",\"rgba(37,144,140,1)\"],[\"0.541666666666668\",\"rgba(33,154,138,1)\"],[\"0.583333333333332\",\"rgba(39,164,133,1)\"],[\"0.625\",\"rgba(47,174,127,1)\"],[\"0.666666666666668\",\"rgba(53,183,121,1)\"],[\"0.708333333333332\",\"rgba(79,191,110,1)\"],[\"0.75\",\"rgba(98,199,98,1)\"],[\"0.791666666666668\",\"rgba(119,207,85,1)\"],