{
  "hash": "f3d731d78ae41d0576b7162a39eea835",
  "result": {
    "markdown": "---\ntitle: Bombus rufocinctus\nsubtite: Red-belted bumblebee\nengine: knitr\ncategories:\n  - Apidae\nfreeze: auto\n---\n\n[![©️ NA. NULL.](/files/no_bee.png){height=300}](NA)\n\n\n::: {.cell}\n::: {.cell-output-display}\n```{=html}\n<div class=\"plotly html-widget html-fill-item-overflow-hidden html-fill-item\" id=\"htmlwidget-a3c6ae7266535892bb67\" style=\"width:100%;height:464px;\"></div>\n<script type=\"application/json\" data-for=\"htmlwidget-a3c6ae7266535892bb67\">{\"x\":{\"visdat\":{\"687c21cd6135\":[\"function () \",\"plotlyVisDat\"]},\"cur_data\":\"687c21cd6135\",\"attrs\":{\"687c21cd6135\":{\"alpha_stroke\":1,\"sizes\":[10,100],\"spans\":[1,20],\"lat\":{},\"lon\":{},\"mode\":\"markers\",\"type\":\"scattermapbox\",\"color\":{},\"text\":{},\"size\":10,\"opacity\":1,\"colors\":\"Blues\",\"name\":\"\",\"inherit\":true}},\"layout\":{\"margin\":{\"b\":40,\"l\":60,\"t\":25,\"r\":10},\"mapbox\":{\"style\":\"carto-positron\",\"show_legend\":true,\"zoom\":3.7999999999999998,\"center\":{\"lon\":-127,\"lat\":55}},\"title\":\"GBIF observations\",\"hovermode\":\"closest\",\"showlegend\":false,\"legend\":{\"yanchor\":\"top\",\"y\":0.5}},\"source\":\"A\",\"config\":{\"modeBarButtonsToAdd\":[\"hoverclosest\",\"hovercompare\"],\"showSendToCloud\":false},\"data\":[{\"lat\":[48.550150000000002,48.477510000000002,48.477510000000002,48.477510000000002,48.477510000000002,48.477510000000002,48.522849999999998,48.522849999999998,48.522849999999998,48.522849999999998,48.534260000000003,48.534260000000003,49.040869000000001,48.569350999999997,48.832943999999998,48.569595,49.473896000000003,49.137925000000003,49.087342999999997,49.080187000000002,48.830812999999999,49.073034,49.071058999999998,49.525461999999997,49.059370999999999,49.461953999999999,49.461953999999999,49.525461999999997,49.460388999999999,49.460329000000002,49.467889999999997,49.012117000000003,49.510007000000002,49.13653,49.445847000000001,49.021393000000003,49.445163000000001,49.444929000000002,49.445999,49.020423999999998,48.830651000000003,49.100822000000001,49.088943999999998,49.461978000000002,49.370628000000004,49.009568999999999,49.070231,49.016689999999997,49.222810000000003,49.480761000000001,50.385877999999998,49.009593000000002,49.234783999999998,48.833348000000001,49.420718999999998,49.234783999999998,49.074815000000001,49.233702999999998,49.222810000000003,49.481563999999999,49.481299999999997,49.222810000000003,49.244287999999997,48.980162,49.463630000000002,49.523631000000002,49.364652999999997,49.191929000000002,49.032271999999999,49.043551999999998,49.014853000000002,49.136806,49.126721000000003,49.233027999999997,49.734338999999999,49.408999999999999,49.959879999999998,49.959879999999998,48.890321999999998,48.508963999999999,49.237403,49.23556,49.236998,49.074337,58.469200000000001,58.469200000000001,48.461799999999997,48.461799999999997,48.461799999999997,48.461799999999997,48.461799999999997,48.461599999999997,48.461599999999997,48.461599999999997,48.461599999999997,48.461599999999997,48.461599999999997,48.461599999999997,48.461599999999997,48.461599999999997,48.461599999999997,48.461599999999997,48.461599999999997,48.461599999999997,48.461599999999997,48.461799999999997,48.461799999999997,48.461799999999997,48.461799999999997,48.461799999999997,48.461799999999997,48.461599999999997,48.461599999999997,48.461799999999997,48.461599999999997,48.550150000000002,48.522849999999998,48.522849999999998,48.522849999999998,48.522849999999998],\"lon\":[-123.03194000000001,-123.06435,-123.06435,-123.06435,-123.06435,-123.06435,-122.9149,-122.9149,-122.9149,-122.9149,-123.01712000000001,-123.01712000000001,-123.055397,-122.41383999999999,-122.593373,-122.41262,-120.53685,-122.79479499999999,-123.043131,-124.016865,-122.59292499999999,-122.949749,-122.960972,-120.486464,-120.837954,-120.584225,-120.584225,-120.486464,-120.580354,-120.58025499999999,-120.61209599999999,-123.05282200000001,-120.69784799999999,-121.937365,-120.508787,-123.05022700000001,-120.58282,-120.313858,-120.585584,-123.042816,-122.59361800000001,-122.837633,-122.862049,-120.507412,-120.13634399999999,-122.460202,-122.96491899999999,-123.044173,-123.101129,-120.494229,-122.354303,-122.46049499999999,-123.093003,-122.593371,-120.525004,-123.093003,-122.942809,-122.801964,-123.101129,-120.493019,-120.49247800000001,-123.101129,-121.949457,-122.378849,-120.3797,-120.49234800000001,-120.482305,-122.908288,-122.808975,-123.050247,-122.45487300000001,-122.79407399999999,-122.91385200000001,-122.815247,-123.134058,-120.563,-121.48014999999999,-121.48014999999999,-122.77113,-123.099017,-122.795545,-122.799705,-122.799352,-122.944569,-134.6198,-134.6198,-123.0046,-123.0046,-123.0046,-123.0046,-123.0046,-123.0003,-123.0003,-123.0003,-123.0003,-123.0003,-123.0003,-123.0003,-123.0003,-123.0003,-123.0003,-123.0003,-123.0003,-123.0003,-123.0003,-123.0046,-123.0046,-123.0046,-123.0046,-123.0046,-123.0046,-123.0003,-123.0003,-123.0046,-123.0003,-123.03194000000001,-122.9149,-122.9149,-122.9149,-122.9149],\"mode\":\"markers\",\"type\":\"scattermapbox\",\"text\":[\"Species: Bombus rufocinctus <br />Observed: June 30, 2009\",\"Species: Bombus rufocinctus <br />Observed: June 30, 2009\",\"Species: Bombus rufocinctus <br />Observed: June 30, 2009\",\"Species: Bombus rufocinctus <br />Observed: June 30, 2009\",\"Species: Bombus rufocinctus <br />Observed: June 30, 2009\",\"Species: Bombus rufocinctus <br />Observed: June 30, 2009\",\"Species: Bombus rufocinctus <br />Observed: June 29, 2009\",\"Species: Bombus rufocinctus <br />Observed: June 29, 2009\",\"Species: Bombus rufocinctus <br />Observed: June 29, 2009\",\"Species: Bombus rufocinctus <br />Observed: June 29, 2009\",\"Species: Bombus rufocinctus <br />Observed: July 20, 1973\",\"Species: Bombus rufocinctus <br />Observed: July 20, 1973\",\"Species: Bombus rufocinctus <br />Observed: July 12, 2023\",\"Species: Bombus rufocinctus <br />Observed: September 21, 2023\",\"Species: Bombus rufocinctus <br />Observed: September 24, 2023\",\"Species: Bombus rufocinctus <br />Observed: September 12, 2023\",\"Species: Bombus rufocinctus <br />Observed: May 31, 2023\",\"Species: Bombus rufocinctus <br />Observed: September 12, 2021\",\"Species: Bombus rufocinctus <br />Observed: August 28, 2022\",\"Species: Bombus rufocinctus <br />Observed: July 26, 2023\",\"Species: Bombus rufocinctus <br />Observed: July 21, 2023\",\"Species: Bombus rufocinctus <br />Observed: July 16, 2023\",\"Species: Bombus rufocinctus <br />Observed: July 16, 2023\",\"Species: Bombus rufocinctus <br />Observed: June 16, 2023\",\"Species: Bombus rufocinctus <br />Observed: June 28, 2023\",\"Species: Bombus rufocinctus <br />Observed: June 16, 2023\",\"Species: Bombus rufocinctus <br />Observed: June 16, 2023\",\"Species: Bombus rufocinctus <br />Observed: June 16, 2023\",\"Species: Bombus rufocinctus <br />Observed: June 14, 2023\",\"Species: Bombus rufocinctus <br />Observed: June 13, 2023\",\"Species: Bombus rufocinctus <br />Observed: June 09, 2023\",\"Species: Bombus rufocinctus <br />Observed: June 05, 2023\",\"Species: Bombus rufocinctus <br />Observed: May 27, 2023\",\"Species: Bombus rufocinctus <br />Observed: June 08, 2023\",\"Species: Bombus rufocinctus <br />Observed: June 11, 2023\",\"Species: Bombus rufocinctus <br />Observed: August 03, 2022\",\"Species: Bombus rufocinctus <br />Observed: May 21, 2023\",\"Species: Bombus rufocinctus <br />Observed: May 17, 2023\",\"Species: Bombus rufocinctus <br />Observed: May 21, 2023\",\"Species: Bombus rufocinctus <br />Observed: June 22, 2022\",\"Species: Bombus rufocinctus <br />Observed: July 21, 2022\",\"Species: Bombus rufocinctus <br />Observed: September 05, 2021\",\"Species: Bombus rufocinctus <br />Observed: October 11, 2021\",\"Species: Bombus rufocinctus <br />Observed: October 16, 2022\",\"Species: Bombus rufocinctus <br />Observed: June 02, 2020\",\"Species: Bombus rufocinctus <br 