{
  "hash": "be51cbb2d9d2d210106bb2ef5b73f2ab",
  "result": {
    "markdown": "---\ntitle: Ceratina pacifica\nsubtite: NA\nengine: knitr\ncategories:\n  - Apidae\nfreeze: auto\n---\n\n[![©️ NA. NULL.](/files/no_bee.png){height=300}](NA)\n\n\n::: {.cell}\n::: {.cell-output-display}\n```{=html}\n<div class=\"plotly html-widget html-fill-item-overflow-hidden html-fill-item\" id=\"htmlwidget-5fd5f095ed2a3792d938\" style=\"width:100%;height:464px;\"></div>\n<script type=\"application/json\" data-for=\"htmlwidget-5fd5f095ed2a3792d938\">{\"x\":{\"visdat\":{\"5a0c11f15cc0\":[\"function () \",\"plotlyVisDat\"]},\"cur_data\":\"5a0c11f15cc0\",\"attrs\":{\"5a0c11f15cc0\":{\"alpha_stroke\":1,\"sizes\":[10,100],\"spans\":[1,20],\"lat\":{},\"lon\":{},\"mode\":\"markers\",\"type\":\"scattermapbox\",\"color\":{},\"text\":{},\"size\":10,\"opacity\":1,\"colors\":\"Blues\",\"name\":\"\",\"inherit\":true}},\"layout\":{\"margin\":{\"b\":40,\"l\":60,\"t\":25,\"r\":10},\"mapbox\":{\"style\":\"carto-positron\",\"show_legend\":true,\"zoom\":3.7999999999999998,\"center\":{\"lon\":-127,\"lat\":55}},\"title\":\"GBIF observations\",\"hovermode\":\"closest\",\"showlegend\":false,\"legend\":{\"yanchor\":\"top\",\"y\":0.5}},\"source\":\"A\",\"config\":{\"modeBarButtonsToAdd\":[\"hoverclosest\",\"hovercompare\"],\"showSendToCloud\":false},\"data\":[{\"lat\":[48.464075999999999,48.433805999999997,48.437271000000003,48.896796999999999,48.433683000000002,48.457036000000002,49.463921999999997,48.437322999999999,48.437852999999997,48.901592000000001,48.437202999999997,48.433611999999997,48.433611999999997,48.445825999999997,48.445825999999997,48.445825999999997,48.433587000000003,48.487335000000002,48.491518999999997,48.433683000000002,48.894289000000001,48.445825999999997,48.445825999999997,48.445825999999997,48.444743000000003,48.433683000000002,48.432997,48.895907999999999,48.411104999999999,48.411439999999999],\"lon\":[-123.412547,-123.45275599999999,-123.296204,-123.568884,-123.452699,-123.481604,-120.37023600000001,-123.296257,-123.29181199999999,-123.52597400000001,-123.29626399999999,-123.452984,-123.452984,-123.313091,-123.313091,-123.313091,-123.45290300000001,-123.301074,-123.35312,-123.452699,-123.56689900000001,-123.313091,-123.313091,-123.313091,-123.312783,-123.452699,-123.451785,-123.56818699999999,-123.346498,-123.34680899999999],\"mode\":\"markers\",\"type\":\"scattermapbox\",\"text\":[\"Species: Anthophora pacifica <br />Observed: May 09, 2023\",\"Species: Anthophora pacifica <br />Observed: March 17, 2023\",\"Species: Anthophora pacifica <br />Observed: April 12, 2023\",\"Species: Anthophora pacifica <br />Observed: April 07, 2023\",\"Species: Anthophora pacifica <br />Observed: March 28, 2023\",\"Species: Anthophora pacifica <br />Observed: March 17, 2021\",\"Species: Anthophora pacifica <br />Observed: June 01, 2022\",\"Species: Anthophora pacifica <br />Observed: May 26, 2022\",\"Species: Anthophora pacifica <br />Observed: May 13, 2022\",\"Species: Anthophora pacifica <br />Observed: April 13, 2022\",\"Species: Anthophora pacifica <br />Observed: April 07, 2022\",\"Species: Anthophora pacifica <br />Observed: March 31, 2022\",\"Species: Anthophora pacifica <br />Observed: March 31, 2022\",\"Species: Anthophora pacifica <br />Observed: April 06, 2022\",\"Species: Anthophora pacifica <br />Observed: April 09, 2022\",\"Species: Anthophora pacifica <br />Observed: April 09, 2022\",\"Species: Anthophora pacifica <br />Observed: March 22, 2021\",\"Species: Anthophora pacifica <br />Observed: April 29, 2021\",\"Species: Anthophora pacifica <br />Observed: March 15, 2019\",\"Species: Anthophora pacifica <br />Observed: March 16, 2022\",\"Species: Anthophora pacifica <br />Observed: March 06, 2022\",\"Species: Anthophora pacifica <br />Observed: May 02, 2021\",\"Species: Anthophora pacifica <br />Observed: April 30, 2021\",\"Species: Anthophora pacifica <br />Observed: May 03, 2021\",\"Species: Anthophora pacifica <br />Observed: March 31, 2021\",\"Species: Anthophora pacifica <br />Observed: March 29, 2021\",\"Species: Anthophora pacifica <br />Observed: April 01, 2019\",\"Species: Anthophora pacifica <br />Observed: April 05, 2021\",\"Species: Anthophora pacifica <br />Observed: March 25, 2021\",\"Species: Anthophora pacifica <br />Observed: March 25, 2021\"],\"opacity\":1,\"name\":\"\",\"marker\":{\"colorbar\":{\"title\":\"Year\",\"ticklen\":2},\"cmin\":2019,\"cmax\":2023,\"colorscale\":[[\"0\",\"rgba(247,251,255,1)\"],[\"0.0416666666666856\",\"rgba(239,246,252,1)\"],[\"0.0833333333333144\",\"rgba(230,240,250,1)\"],[\"0.125\",\"rgba(222,235,247,1)\"],[\"0.166666666666686\",\"rgba(214,230,244,1)\"],[\"0.208333333333314\",\"rgba(206,224,242,1)\"],[\"0.25\",\"rgba(198,219,239,1)\"],[\"0.291666666666686\",\"rgba(185,213,234,1)\"],[\"0.333333333333314\",\"rgba(172,208,230,1)\"],[\"0.375\",\"rgba(158,202,225,1)\"],[\"0.416666666666686\",\"rgba(142,193,221,1)\"],[\"0.458333333333314\",\"rgba(125,183,218,1)\"],[\"0.5\",\"rgba(107,174,214,1)\"],[\"0.541666666666686\",\"rgba(94,165,209,1)\"],[\"0.583333333333314\",\"rgba(81,155,203,1)\"],[\"0.625\",\"rgba(66,146,198,1)\"],[\"0.666666666666686\",\"rgba(57,135,192,1)\"],[\"0.708333333333314\",\"rgba(46,124,187,1)\"],[\"0.75\",\"rgba(33,113,181,1)\"],[\"0.791666666666686\",\"rgba(27,102,173,1)\"],[\"0.833333333333314\",\"rgba(19,91,164,1)\"],[\"0.875\",\"rgba(8,81,156,1)\"],[\"0.916666666666686\",\"rgba(9,70,139,1)\"],[\"0.958333333333314\",\"rgba(9,59,123,1)\"],[\"1\",\"rgba(8,48,107,1)\"]],\"showscale\":false,\"color\":[2023,2023,2023,2023,2023,2021,2022,2022,2022,2022,2022,2022,2022,2022,2022,2022,2021,2021,2019,2022,2022,2021,2021,2021,2021,2021,2019,2021,2021,2021],\"size\":[55,55,55,55,55,55,55,55,55,55,55,55,55,55,55,55,55,55,55,55,55,55,55,55,55,55,55,55,55,55],\"sizemode\":\"area\",\"line\":{\"colorbar\":{\"title\":\"\",\"ticklen\":2},\"cmin\":2019,\"cmax\":2023,\"colorscale\":[[\"0\",\"rgba(247,251,255,1)\"],[\"0.0416666666666856\",\"rgba(239,246,252,1)\"],[\"0.0833333333333144\",\"rgba(230,240,250,1)\"],[\"0.125\",\"rgba(222,235,247,1)\"],[\"0.166666666666686\",\"rgba(214,230,244,1)\"],[\"0.208333333333314\",\"rgba(206,224,242,1)\"],[\"0.25\",\"rgba(198,219,239,1)\"],[\"0.291666666666686\",\"rgba(185,213,234,1)\"],[\"0.333333333333314\",\"rgba(172,208,230,1)\"],[\"0.375\",\"rgba(158,202,225,1)\"],[\"0.416666666666686\",\"rgba(142,193,221,1)\"],[\"0.458333333333314\",\"rgba(125,183,218,1)\"],[\"0.5\",\"rgba(107,174,214,1)\"],[\"0.541666666666686\",\"rgba(94,165,209,1)\"],[\"0.583333333333314\",\"rgba(81,155,203,1)\"],[\"0.625\",\"rgba(66,146,198,1)\"],[\"0.666666666666686\",\"rgba(57,135,192,1)\"],[\"0.708333333333314\",\"rgba(46,124,187,1)\"],[\"0.75\",\"rgba(33,113,181,1)\"],[\"0.791666666666686\",\"rgba(27,102,173,1)\"],[\"0.833333333333314\",\"rgba(19,91,164,1)\"],[\"0.875\",\"rgba(8,81,156,1)\"],[\"0.916666666666686\",\"rgba(9,70,139,1)\"],[\"0.958333333333314\",\"rgba(9,59,123,1)\"],[\"1\",\"rgba(8,48,107,1)\"]],\"showscale\":false,\"color\":[2023,2023,2023,2023,2023,2021,2022,2022,2022,2022,2022,2022,2022,2022,2022,2022,2021,2021,2019,2022,2022,2021,2021,2021,2021,2021,2019,2021,2021,2021]}},\"textfont\":{\"size\":55},\"line\":{\"width\":55},\"frame\":null},{\"type\":\"scattermapbox\",\"mode\":\"markers\",\"opacity\":0,\"hoverinfo\":\"none\",\"showlegend\":false,\"marker\":{\"colorbar\":{\"title\":\"Year\",\"ticklen\":2,\"len\":0.5,\"lenmode\":\"fraction\",\"y\":1,\"yanchor\":\"top\"},\"cmin\":2019,\"cmax\":2023,\"colorscale\":[[\"0\",\"rgba(247,251,255,1)\"],[\"0.0416666666666856\",\"rgba(239,246,252,1)\"],[\"0.0833333333333144\",\"rgba(230,240,250,1)\"],[\"0.125\",\"rgba(222,235,247,1)\"],[\"0.166666666666686\",\"rgba(214,230,244,1)\"],[\"0.208333333333314\",\"rgba(206,224,242,1)\"],[\"0.25\",\"rgba(198,219,239,1)\"],[\"0.291666666666686\",\"rgba(185,213,234,1)\"],[\"0.333333333333314\",\"rgba(172,208,230,1)\"],[\"0.375\",\"rgba(158,202,225,1)\"],[\"0.416666666666686\",\"rgba(142,193,221,1)\"],